Date,Days,Open,High,Low,Close,POC,VAH,VAL,IB High,IB Low,RE High,RE Low,RF,TPO Ab. POC,TPO Bl. POC,Total TPO,Range (pips),V.A Range,IB Range,Volume,Avg Volume,VTY,TFF,Close%R,SF,Q1 TPO,Q2 TPO,Q3 TPO,Q4 TPO,QC
6/13/2025,1,195.018,195.968,193.759,195.553,195.28,195.86,194.4,195.146,193.759,82.2,0,15,301,902,1216,220.9,146,138.7,80790,1923.571429,28.95,5.504753282,18.78678135,0.3595,178,474,286,278,Q1
6/13/2025,3,195.633,196.233,193.759,195.553,195.08,195.88,194.94,195.726,195.387,50.7,162.8,8,2183,959,3174,247.4,94,33.9,214346,1553.231884,22.9442029,12.82942603,27.48585287,0.2405,871,1531,446,326,Q2
6/13/2025,5,195.868,196.44,193.759,195.553,195.75,196,195.1,196.122,195.731,31.8,197.2,5,1274,3551,4882,268.1,90,39.1,330258,1411.358974,20.78675214,18.20962327,33.0846699,0.2602,1220,2520,768,374,Q2
6/13/2025,10,193.667,196.44,192.719,195.553,195.75,196.05,194.37,193.8,193.592,264,87.3,64,1557,7881,9502,372.1,168,20.8,656987,1386.048523,19.97848101,25.5361462,23.83767804,0.2175,2766,3664,1462,1610,Q1
6/13/2025,15,193.345,196.44,192.719,195.553,195.08,196.05,194.1,193.457,193.279,298.3,56,55,5586,8619,14285,372.1,195,17.8,1000681,1401.514006,19.91176471,38.39021768,23.83767804,0.4256,3273,5355,3465,2192,Q1
6/13/2025,20,193.233,196.44,191.887,195.553,193.17,195.21,192.77,193.323,192.82,311.7,93.3,59,16090,3178,19357,455.3,244,50.3,1375532,1441.857442,20.19444444,42.51482539,19.48166044,0.2585,4086,6060,7074,2137,Q1
6/12/2025,1,195.61,195.771,194.709,195.013,195.07,195.38,194.89,195.771,195.525,0,81.6,-11,675,256,952,106.2,49,24.6,68321,1423.354167,19.75208333,8.964218456,71.3747646,0.3453,114,284,449,123,Q3
6/12/2025,3,195.939,196.44,194.709,195.013,195.65,196.07,195.2,196.046,195.823,39.4,111.4,1,1090,1793,2921,173.1,87,22.3,197141,1369.034722,20.17777778,16.87463894,82.43789717,0.4377,273,1100,989,559,Q4
6/12/2025,5,194.926,196.44,194.709,195.013,195.77,196.15,195.26,195.184,194.924,125.6,21.5,9,1391,2960,4409,173.1,89,26,310731,1294.7125,18.28541667,25.47082611,82.43789717,0.396,379,1986,1253,791,Q4
6/12/2025,10,194.056,196.44,192.719,195.013,195.77,196.15,193.99,194.316,193.856,212.4,113.7,52,1391,7967,9416,372.1,216,46,650900,1356.041667,19.53125,25.30502553,38.34990594,0.2314,2620,3083,2000,1713,Q2
6/12/2025,15,193.031,196.44,192.064,195.013,195.08,196.14,193.83,193.309,192.996,313.1,93.2,60,5063,9024,14156,437.6,231,31.3,1000773,1389.9625,19.57,32.34917733,32.60968921,0.3926,3692,5232,4119,1113,Q2
6/12/2025,20,193.654,196.44,191.887,195.013,193.38,195.09,192.58,193.696,193.052,274.4,116.5,48,13803,5166,19072,455.3,251,64.4,1361236,1417.954167,19.76979167,41.88886448,31.34197233,0.3483,3811,5298,7748,2215,Q2
6/11/2025,1,195.633,196.233,195.285,195.614,195.65,195.99,195.54,195.726,195.387,50.7,10.2,6,646,339,1006,94.8,45,33.9,65235,1359.0625,20.88125,10.61181435,65.29535865,0.3453,130,316,406,154,Q3
6/11/2025,3,195.868,196.44,194.771,195.614,195.75,196,195.49,196.122,195.731,31.8,96,3,1221,1444,2714,166.9,51,39.1,181147,1257.965278,18.75069444,16.26123427,49.490713,0.4241,273,1595,659,187,Q2
6/11/2025,5,193.399,196.44,193.32,195.614,195.77,196.18,195.12,193.566,193.32,287.4,0,50,1391,3078,4526,312,106,24.6,314866,1311.941667,18.7825,14.50641026,26.47435897,0.293,1995,1804,544,243,Q2
6/11/2025,10,195.674,196.44,192.719,195.614,195.81,196.18,194,196.18,195.653,26,293.4,43,1448,7948,9462,372.1,218,52.7,660110,1375.229167,19.61770833,25.42864821,22.19833378,0.2405,2952,2504,2293,1713,Q1
6/11/2025,15,192.83,196.44,191.887,195.614,195.81,196.14,193.6,192.895,192.36,354.5,47.3,69,1458,12744,14269,455.3,254,53.5,1008051,1400.070833,19.72736111,31.33977597,18.14188447,0.2094,3516,4637,4579,1537,Q1
6/11/2025,20,194.491,196.44,191.887,195.614,193.61,195,192.67,194.595,194.01,184.5,212.3,49,11511,7425,19044,455.3,233,58.5,1367791,1424.782292,19.745,41.82736657,18.14188447,0.408,3516,4729,8584,2215,Q1
6/10/2025,1,195.939,196.44,194.771,195.639,195.65,196.41,195.32,196.046,195.823,39.4,105.2,8,423,526,963,166.9,109,22.3,63585,1324.6875,19.9,5.769922109,47.99281007,0.4171,143,346,287,187,Q2
6/10/2025,3,194.926,196.44,194.771,195.639,195.79,196.18,195.35,195.184,194.924,125.6,15.3,16,894,1515,2451,166.9,83,26,177175,1230.381944,16.93125,14.68544038,47.99281007,0.4122,223,1232,520,476,Q2
6/10/2025,5,194.591,196.44,193.219,195.639,195.79,196.17,194.74,194.804,194.545,163.6,132.6,54,894,3609,4545,322.1,143,25.9,315511,1314.629167,18.85458333,14.11052468,24.8680534,0.2582,1393,1668,968,516,Q1
6/10/2025,10,194.775,196.44,192.719,195.639,194.65,195.32,193.27,194.792,194.488,164.8,176.9,43,4986,4518,9561,372.1,205,30.4,669768,1395.35,19.813125,25.69470572,21.52647138,0.4188,2128,3274,2446,1713,Q1
6/10/2025,15,193.329,196.44,191.887,195.639,193.17,195.04,192.57,193.47,193.147,297,126,55,11493,2784,14339,455.3,247,32.3,1021929,1419.345833,19.82263889,31.49352076,17.59279596,0.3009,2512,4635,5164,2028,Q1
6/10/2025,20,196.253,196.44,191.887,195.639,193.61,194.94,192.75,196.408,196.079,3.2,419.2,35,11675,7425,19208,455.3,219,32.9,1388298,1446.14375,19.91635417,42.18756864,17.59279596,0.4049,2919,5490,8584,2215,Q1
6/9/2025,1,195.868,196.142,195.436,195.934,195.81,195.95,195.66,196.122,195.731,2,29.5,-9,327,392,745,70.6,29,39.1,52327,1090.145833,15.47083333,10.55240793,29.46175637,0.4651,74,329,231,111,Q2
6/9/2025,3,193.399,196.183,193.32,195.934,195.81,196.14,194.88,193.566,193.32,261.7,0,38,562,1961,2557,286.3,126,24.6,186046,1291.986111,17.71041667,8.931191058,8.6971708,0.2418,1082,856,394,225,Q1
6/9/2025,5,193.091,196.183,192.719,195.934,195.81,196.14,194.29,193.422,193.069,276.1,35,64,562,3961,4557,346.4,185,35.3,313983,1308.2625,18.93708333,13.15531178,7.188221709,0.2086,1153,1820,768,816,Q1
6/9/2025,10,193.471,196.309,192.719,195.934,194.65,195.31,193.41,193.471,193.183,283.8,46.4,47,4542,4889,9489,359,190,28.8,673899,1403.95625,19.66708333,26.43175487,10.44568245,0.4313,1674,3565,2481,1769,Q1
6/9/2025,15,193.675,196.309,191.887,195.934,193.38,194.85,192.58,194.202,193.666,210.7,177.9,39,9782,4511,14372,442.2,227,53.6,1027695,1427.354167,19.86569444,32.50113071,8.480325645,0.3646,2092,4242,6121,1917,Q1
6/9/2025,20,195.357,196.408,191.887,195.934,193.61,194.93,192.75,195.358,194.778,105,289.1,52,11635,7425,19168,452.1,218,58,1399589,1457.905208,19.87666667,42.39769962,10.4844061,0.4062,2969,5451,8594,2154,Q1
6/6/2025,1,194.926,196.183,194.802,195.866,195.15,195.83,194.81,195.184,194.924,99.9,12.2,17,496,232,743,138.1,102,26,61263,1276.3125,15.42291667,5.380159305,22.95438088,0.3646,220,116,175,232,Q1
6/6/2025,3,194.591,196.183,193.219,195.866,195.03,195.45,194,194.804,194.545,137.9,132.6,55,881,1930,2837,296.4,145,25.9,199599,1386.104167,19.63402778,9.571524966,10.69500675,0.342,347,1270,737,483,Q1
6/6/2025,5,193.667,196.183,192.719,195.866,193.56,194.83,192.92,193.8,193.592,238.3,87.3,59,3268,1316,4620,346.4,191,20.8,326729,1361.370833,19.19041667,13.33718245,9.151270208,0.3607,408,1820,970,1422,Q1
6/6/2025,10,193.345,196.309,192.719,195.866,194.65,195.31,193.56,193.457,193.279,285.2,56,50,3797,5548,9403,359,175,17.8,670423,1396.714583,19.48520833,26.19220056,12.33983287,0.4193,929,3565,2869,2040,Q1
6/6/2025,15,193.233,196.309,191.887,195.866,193.17,194.68,192.58,193.323,192.82,298.6,93.3,54,11208,3178,14475,442.2,210,50.3,1045274,1451.769444,20.00194444,32.73405699,10.01809136,0.2892,1347,4242,6909,1977,Q1
6/6/2025,20,193.74,196.408,191.887,195.866,193.61,194.92,192.77,194.042,193.66,236.6,177.3,76,12091,7425,19624,452.1,215,38.2,1440292,1500.304167,20.34989583,43.40632603,11.98849812,0.4014,2745,5876,8849,2154,Q1
6/5/2025,1,193.399,195.493,193.32,194.931,194.81,195.45,194.28,193.566,193.32,192.7,0,28,381,675,1069,217.3,117,24.6,72456,1509.5,22.2375,4.919466176,25.8628624,0.3971,273,382,226,188,Q2
6/5/2025,3,193.091,195.493,192.719,194.931,194.63,195.33,193.63,193.422,193.069,207.1,35,54,1116,1920,3069,277.4,170,35.3,200393,1391.618056,21.26388889,11.06344629,20.25955299,0.3884,687,1182,703,497,Q1
6/5/2025,5,194.056,195.493,192.719,194.931,193.56,194.59,193.16,194.316,193.856,117.7,113.7,41,3593,1374,5007,277.4,143,46,340169,1417.370833,20.77708333,18.04974766,20.25955299,0.3183,687,1367,2046,907,Q1
6/5/2025,10,193.031,196.309,192.064,194.931,194.65,195.3,193.42,193.309,192.996,300,93.2,49,3054,6635,9747,424.5,188,31.3,690042,1437.5875,20.21229167,22.96113074,32.46171967,0.3736,821,3837,4058,1031,Q2
6/5/2025,15,193.654,196.309,191.887,194.931,193.38,194.53,192.58,193.696,193.052,261.3,116.5,37,9394,5166,14663,442.2,195,64.4,1050505,1459.034722,20.26458333,33.15920398,31.16236997,0.3646,913,3933,7770,2047,Q2
6/5/2025,20,193.228,196.408,191.887,194.931,193.38,194.74,192.57,193.264,192.819,314.4,93.2,57,13755,5874,19741,452.1,217,44.5,1452377,1512.892708,20.46864583,43.66511834,32.66976333,0.3519,2362,5516,9169,2694,Q2
6/4/2025,1,194.591,195.224,193.219,193.405,194.79,195.15,194.09,194.804,194.545,42,132.6,8,281,731,1025,200.5,106,25.9,65880,1372.5,21.24166667,5.112219451,90.72319202,0.3142,361,322,99,243,Q4
6/4/2025,3,193.667,195.224,192.719,193.405,193.38,194.5,192.88,193.8,193.592,142.4,87.3,12,2020,756,2808,250.5,162,20.8,193010,1340.347222,19.43055556,11.20958084,72.61477046,0.319,672,418,1049,669,Q3
6/4/2025,5,195.674,196.309,192.719,193.405,193.38,194.61,193.07,196.18,195.653,12.9,293.4,-7,4144,759,4936,359,154,52.7,345244,1438.516667,20.45291667,13.74930362,80.8913649,0.2189,486,1088,1880,1482,Q4
6/4/2025,10,192.83,196.309,191.887,193.405,193.38,194.83,192.81,192.895,192.36,341.4,47.3,19,6726,2963,9743,442.2,202,53.5,693185,1444.135417,20.19979167,22.03301673,65.67164179,0.3308,829,3177,4279,1458,Q3
6/4/2025,15,194.491,196.309,191.887,193.405,193.61,194.3,192.55,194.595,194.01,171.4,212.3,-1,7109,7307,14518,442.2,175,58.5,1052925,1462.395833,20.06583333,32.83129806,65.67164179,0.4012,829,3315,8327,2047,Q3
6/4/2025,20,191.19,196.408,190.99,193.405,193.38,194.65,192.35,191.361,190.99,504.7,0,52,12721,7012,19847,541.8,230,37.1,1467706,1528.860417,20.57177083,36.63159838,55.42635659,0.4237,3046,6673,9307,821,Q3
6/3/2025,1,193.091,194.779,192.719,194.592,194.63,194.77,193.3,193.422,193.069,135.7,35,18,111,849,975,206,147,35.3,62057,1292.854167,20.3125,4.733009709,9.077669903,0.1963,308,79,348,240,Q1
6/3/2025,3,194.056,194.779,192.719,194.592,193.79,194.04,193.17,194.316,193.856,46.3,113.7,5,1196,1688,2913,206,87,46,201833,1401.618056,20.13541667,14.1407767,9.077669903,0.3892,387,941,1194,391,Q1
6/3/2025,5,194.775,196.309,192.719,194.592,194.59,195.3,193.47,194.792,194.488,151.7,176.9,-11,1785,3194,5016,359,183,30.4,354257,1476.070833,20.77166667,13.97214485,47.82729805,0.3829,545,1506,1689,1276,Q2
6/3/2025,10,193.329,196.309,191.887,194.592,193.17,194.48,192.31,193.47,193.147,283.9,126,1,6948,2784,9794,442.2,217,32.3,706418,1471.704167,20.30666667,22.14834916,38.82858435,0.3345,827,2457,4610,1900,Q2
6/3/2025,15,196.253,196.408,191.887,194.592,193.61,194.35,192.35,196.408,196.079,0,419.2,-19,7460,7108,14663,452.1,200,32.9,1072787,1489.981944,20.27027778,32.43309002,40.1681044,0.3979,1127,3357,8025,2154,Q2
6/3/2025,20,191.041,196.408,190.657,194.592,193.35,194.79,192.33,191.167,190.756,524.1,9.9,64,12075,7717,19900,575.1,246,41.1,1482555,1544.328125,20.62489583,34.6026778,31.57711702,0.4236,3317,7094,7936,1553,Q2
6/2/2025,1,193.667,193.892,192.976,193.087,193.35,193.64,193.2,193.8,193.592,9.2,61.6,-16,489,302,808,91.6,44,20.8,65073,1355.6875,16.7375,8.820960699,87.88209607,0.4015,100,292,289,127,Q4
6/2/2025,3,195.674,196.309,192.976,193.087,193.81,194.52,193.2,196.18,195.653,12.9,267.7,-35,1771,1137,2936,333.3,132,52.7,217307,1509.076389,20.23680556,8.808880888,96.66966697,0.365,461,220,1118,1137,Q4
6/2/2025,5,193.471,196.309,192.976,193.087,193.81,194.92,193.1,193.471,193.183,283.8,20.7,-19,3584,1319,4932,333.3,182,28.8,359916,1499.65,20.39708333,14.79747975,96.66966697,0.3485,528,1500,1585,1319,Q4
6/2/2025,10,193.675,196.309,191.887,193.087,193.16,194.24,192.24,194.202,193.666,210.7,177.9,-27,7012,2733,9815,442.2,200,53.6,713712,1486.9,20.33,22.19583899,72.86295794,0.3416,827,2144,4999,1845,Q3
6/2/2025,15,195.357,196.408,191.887,193.087,193.61,194.56,192.35,195.358,194.778,105,289.1,-14,7948,6573,14611,452.1,221,58,1085606,1507.786111,20.18986111,32.31807122,73.45719973,0.4146,1792,3295,7453,2071,Q3
6/2/2025,20,190.988,196.408,190.281,193.087,193.35,195.03,192.31,191.085,190.919,532.3,63.8,44,11439,8460,19998,612.7,272,16.6,1498634,1561.077083,20.726875,32.63913824,54.20270932,0.4118,3767,7771,5982,2478,Q3
5/30/2025,1,194.056,194.653,193.343,193.66,193.81,194.08,193.68,194.316,193.856,33.7,51.3,1,762,343,1130,131,40,46,74703,1556.3125,23.35625,8.625954198,75.80152672,0.3133,56,283,657,134,Q4
5/30/2025,3,194.775,196.309,193.343,193.66,193.81,195.06,193.64,194.792,194.488,151.7,114.5,-15,2865,343,3233,296.6,142,30.4,227127,1577.270833,22.26944444,10.90020229,89.31220499,0.1889,455,720,1128,930,Q4
5/30/2025,5,193.345,196.309,193.049,193.66,193.78,194.96,193.31,193.457,193.279,285.2,23,-9,3775,969,4783,326,165,17.8,343694,1432.058333,19.78,14.67177914,81.25766871,0.2907,514,1441,1539,1289,Q4
5/30/2025,10,193.233,196.309,191.887,193.66,193.16,194.24,192.25,193.323,192.82,298.6,93.3,-5,6951,2830,9855,442.2,199,50.3,718545,1496.96875,20.40770833,22.28629579,59.90502035,0.344,827,2144,4981,1903,Q3
5/30/2025,15,193.74,196.408,191.887,193.66,193.68,194.76,192.35,194.042,193.66,236.6,177.3,17,8459,6465,15004,452.1,241,38.2,1113563,1546.615278,20.73638889,33.18734793,60.78301261,0.4285,2313,3720,6907,2064,Q3
5/30/2025,20,191.946,196.408,190.281,193.66,193.17,195.29,192.31,192.049,191.868,435.9,158.7,52,12404,7525,20020,612.7,298,18.1,1502783,1565.398958,20.7521875,32.67504488,44.85066101,0.3725,3767,7265,5724,3264,Q2
5/29/2025,1,195.674,196.309,194.042,194.049,194.47,195.82,194.2,196.18,195.653,12.9,161.1,-18,792,194,998,226.7,162,52.7,77531,1615.229167,20.61666667,4.40229378,99.69122188,0.2663,337,208,147,306,Q4
5/29/2025,3,193.471,196.309,193.049,194.049,194.95,195.44,194.32,193.471,193.183,283.8,13.4,-2,1316,1649,2994,326,112,28.8,220140,1528.75,20.63055556,9.18404908,69.32515337,0.4131,514,1441,851,188,Q3
5/29/2025,5,193.031,196.309,192.064,194.049,194.95,196.18,193.52,193.309,192.996,300,93.2,10,1316,3395,4740,424.5,266,31.3,349873,1457.804167,19.6475,11.16607774,53.23910483,0.3787,757,1966,1206,811,Q3
5/29/2025,10,193.654,196.309,191.887,194.049,193.16,194.02,192.13,193.696,193.052,261.3,116.5,-2,6626,2952,9656,442.2,189,64.4,710336,1479.866667,20.00833333,21.83627318,51.10809588,0.3467,827,1950,4906,1973,Q3
5/29/2025,15,193.228,196.408,191.887,194.049,193.16,194.77,192.31,193.264,192.819,314.4,93.2,18,11115,3538,14734,452.1,246,44.5,1112208,1544.733333,20.36583333,32.59013493,52.17872152,0.3207,2313,3574,6243,2604,Q3
5/29/2025,20,193.179,196.408,190.281,194.049,193.17,194.32,190.76,193.746,193.127,266.2,284.6,44,11594,8370,20059,612.7,356,61.9,1517466,1580.69375,20.791875,32.73869757,38.50171373,0.4141,3767,6310,6644,3338,Q2
5/28/2025,1,194.775,195.916,194.374,195.669,194.65,195.06,194.49,194.792,194.488,112.4,11.4,2,807,278,1105,154.2,57,30.4,74893,1560.270833,22.83541667,7.166018158,16.01815824,0.2447,47,160,428,470,Q1
5/28/2025,3,193.345,195.916,193.049,195.669,194.92,195.65,193.83,193.457,193.279,245.9,23,8,793,1836,2655,286.7,182,17.8,191460,1329.583333,18.30902778,9.260551099,8.615277293,0.3568,302,1335,347,671,Q1
5/28/2025,5,192.83,195.916,191.887,195.669,193.22,194.6,192.02,192.895,192.36,302.1,47.3,24,2942,1839,4807,402.9,258,53.5,347941,1449.754167,19.94666667,11.93100025,6.130553487,0.4079,843,988,1761,1215,Q1
5/28/2025,10,194.491,195.916,191.887,195.669,193.16,194.01,192.65,194.595,194.01,132.1,212.3,4,6552,2952,9582,402.9,136,58.5,707681,1474.335417,19.87229167,23.78257632,6.130553487,0.3088,843,1440,5694,1605,Q1
5/28/2025,15,191.19,196.408,190.99,195.669,193.17,194.62,192.03,191.361,190.99,504.7,0,57,10276,4544,14911,541.8,259,37.1,1122462,1558.975,20.61138889,27.52122554,13.63971945,0.3858,2439,4054,7597,821,Q1
5/28/2025,20,190.507,196.408,190.281,195.669,193.17,194.2,191.03,190.536,190.331,587.2,5,88,10753,9329,20186,612.7,317,20.5,1522480,1585.916667,20.92802083,32.94597682,12.06136772,0.4188,3149,5963,7429,3645,Q1
5/27/2025,1,193.471,195.616,193.049,194.781,194.92,195.61,194.25,193.471,193.183,214.5,13.4,14,342,532,891,256.7,136,28.8,67716,1410.75,18.43958333,3.470977795,32.52824309,0.4011,268,338,114,171,Q2
5/27/2025,3,193.031,195.616,192.064,194.781,193.29,193.93,192.41,193.309,192.996,230.7,93.2,26,1559,1057,2637,355.2,152,31.3,197449,1371.173611,18.26180556,7.423986486,23.50788288,0.3762,512,264,1241,629,Q1
5/27/2025,5,193.329,195.616,191.887,194.781,193.15,193.55,192.31,193.47,193.147,214.6,126,14,2315,2416,4778,372.9,124,32.3,352161,1467.3375,19.84166667,12.81308662,22.39206222,0.3489,516,382,2600,1280,Q1
5/27/2025,10,196.253,196.408,191.887,194.781,193.16,194.01,192.63,196.408,196.079,0,419.2,-6,6617,2952,9647,452.1,138,32.9,718530,1496.9375,20.01958333,21.33819951,35.98761336,0.2992,506,1423,5654,2064,Q2
5/27/2025,15,191.041,196.408,190.657,194.781,193.17,194.74,192.03,191.167,190.756,524.1,9.9,77,9171,5622,14884,575.1,271,41.1,1128298,1567.080556,20.57597222,25.8807164,28.29073205,0.4088,2325,4137,6869,1553,Q2
5/27/2025,20,190.779,196.408,189.974,194.781,193.17,194.2,191.06,190.969,190.681,543.9,70.7,90,9648,10347,20099,643.4,314,28.8,1527116,1590.745833,20.84302083,31.23873174,25.28753497,0.4324,2865,6578,6543,4113,Q2
5/26/2025,1,193.345,194.029,193.25,193.474,193.74,193.86,193.49,193.457,193.279,57.2,2.9,-4,202,439,659,77.9,37,17.8,48851,1017.729167,13.65208333,8.459563543,71.24518614,0.3615,70,290,188,111,Q3
5/26/2025,3,192.83,194.029,191.887,193.474,192.85,193.52,192.38,192.895,192.36,113.4,47.3,12,1673,1115,2811,214.2,114,53.5,205332,1425.916667,19.48611111,13.1232493,25.91036415,0.4232,531,976,863,441,Q2
5/26/2025,5,193.675,194.202,191.887,193.474,193.16,193.58,192.63,194.202,193.666,0,177.9,-6,2214,2610,4883,231.5,95,53.6,353796,1474.15,20.26291667,21.09287257,31.44708423,0.4422,559,2277,1530,517,Q2
5/26/2025,10,195.357,196.408,191.887,193.474,193.16,194.02,192.52,195.358,194.778,105,289.1,7,6686,2919,9679,452.1,150,58,725690,1511.854167,20.08625,21.40898031,64.89714665,0.3183,1078,1120,5417,2064,Q3
5/26/2025,15,190.988,196.408,190.281,193.474,193.17,195.02,192.01,191.085,190.919,532.3,63.8,65,8321,6658,15066,612.7,301,16.6,1138718,1581.552778,20.83680556,24.58952179,47.88640444,0.4335,2240,4788,5560,2478,Q2
5/26/2025,20,191.01,196.408,189.974,193.474,193.17,194.06,191.03,191.063,190.806,534.5,83.2,87,8798,11180,20078,643.4,303,25.7,1533539,1597.436458,20.8225,31.20609263,45.60149207,0.3929,2389,6211,6495,4983,Q2
5/23/2025,1,193.031,193.55,192.064,193.351,192.85,193.27,192.57,193.309,192.996,24.1,93.2,16,597,470,1087,148.6,70,31.3,80882,1685.041667,22.69375,7.314939435,13.39165545,0.4117,247,423,329,88,Q1
5/23/2025,3,193.329,193.583,191.887,193.351,193.15,193.33,192.58,193.47,193.147,11.3,126,4,798,2387,3228,169.6,75,32.3,235594,1636.069444,22.37222222,19.03301887,13.67924528,0.2735,798,1355,829,246,Q1
5/23/2025,5,193.233,194.202,191.887,193.351,193.16,193.64,192.73,193.323,192.82,87.9,93.3,2,2205,2797,5072,231.5,91,50.3,374851,1561.879167,21.03541667,21.90928726,36.76025918,0.4449,507,2426,1622,517,Q2
5/23/2025,10,193.74,196.408,191.887,193.351,193.16,194.31,192.09,194.042,193.66,236.6,177.3,24,7228,2919,10221,452.1,222,38.2,769869,1603.89375,21.21458333,22.60783013,67.61778368,0.3526,1599,1545,5013,2064,Q3
5/23/2025,15,191.946,196.408,190.281,193.351,193.17,195.48,191.98,192.049,191.868,435.9,158.7,59,7662,7488,15237,612.7,350,18.1,1159089,1609.845833,21.07625,24.86861433,49.89391219,0.426,2240,4175,5558,3264,Q2
5/23/2025,20,191.167,196.408,189.974,193.351,193.17,194.06,190.99,191.195,190.79,521.3,81.6,92,8139,12083,20322,643.4,307,40.5,1561623,1626.690625,21.06875,31.58532795,47.51321107,0.3654,2389,5552,6495,5886,Q2
5/22/2025,1,192.83,193.583,191.887,193.026,192.37,193.07,192.02,192.895,192.36,68.8,47.3,-4,793,255,1065,169.6,105,53.5,75599,1574.979167,22.1125,6.279481132,32.84198113,0.3243,221,224,423,197,Q2
5/22/2025,3,193.675,194.202,191.887,193.026,193.16,193.57,192.72,194.202,193.666,0,177.9,-22,1298,1790,3137,231.5,85,53.6,224063,1555.993056,21.65625,13.55075594,50.79913607,0.4393,184,1636,903,414,Q3
5/22/2025,5,193.654,194.202,191.887,193.026,193.16,193.71,192.92,193.696,193.052,50.6,116.5,-14,2753,2099,4916,231.5,79,64.4,360463,1501.929167,20.36916667,21.23542117,50.79913607,0.3558,622,2799,1081,414,Q3
5/22/2025,10,193.228,196.408,191.887,193.026,193.16,194.39,192.13,193.264,192.819,314.4,93.2,6,7242,2685,9994,452.1,226,44.5,762335,1588.197917,20.725,22.10572882,74.80645875,0.3399,1599,1545,4949,1901,Q3
5/22/2025,15,193.179,196.408,190.281,193.026,193.17,194.06,191.08,193.746,193.127,266.2,284.6,32,7735,7503,15319,612.7,298,61.9,1167593,1621.656944,21.17333333,25.00244818,55.1983026,0.414,2240,4269,5472,3338,Q3
5/22/2025,20,190.381,196.408,189.974,193.026,191.06,193.43,190.32,190.499,190.3,590.9,32.6,88,16174,4085,20352,643.4,311,19.9,1564703,1629.898958,21.09416667,31.63195524,52.56450109,0.2663,2389,5326,5678,6959,Q3
5/21/2025,1,193.329,193.512,192.521,192.837,193.15,193.29,192.82,193.47,193.147,4.2,62.6,-8,310,742,1076,99.1,47,32.3,79113,1648.1875,22.31041667,10.85771948,68.11301715,0.3412,121,481,330,144,Q3
5/21/2025,3,193.233,194.202,192.521,192.837,193.16,193.67,192.97,193.323,192.82,87.9,29.9,-10,1736,1133,2920,168.1,70,50.3,218370,1516.458333,20.12361111,17.37061273,81.20166568,0.355,286,832,1376,426,Q4
5/21/2025,5,194.491,194.595,192.521,192.837,193.16,193.75,193,194.595,194.01,0,148.9,-18,3465,1255,4775,207.4,75,58.5,359740,1498.916667,19.79791667,23.02314368,84.76374156,0.2812,152,1595,2313,715,Q4
5/21/2025,10,191.19,196.408,190.99,192.837,193.17,194.77,192.49,191.361,190.99,504.7,0,35,7212,2824,10104,541.8,228,37.1,774521,1613.585417,20.94375,18.64894795,65.90992986,0.3328,1911,2475,5181,537,Q3
5/21/2025,15,190.507,196.408,190.281,192.837,193.17,194.06,191.06,190.536,190.331,587.2,5,66,7689,7609,15379,612.7,300,20.5,1174539,1631.304167,21.25513889,25.10037539,58.28300963,0.4137,2240,4207,5287,3645,Q3
5/21/2025,20,189.933,196.408,189.294,192.837,191.06,193.55,190.13,190.112,189.681,629.6,38.7,112,15109,5129,20331,711.4,342,43.1,1570773,1636.221875,21.07239583,28.57885859,50.19679505,0.3232,2650,6825,5543,5313,Q3
5/20/2025,1,193.675,194.202,192.907,193.337,193.37,193.57,193.07,194.202,193.666,0,75.9,-6,494,483,996,129.5,50,53.6,69351,1444.8125,20.54583333,7.691119691,66.7953668,0.3925,68,180,449,299,Q3
5/20/2025,3,193.654,194.202,192.723,193.337,193.44,193.68,193.12,193.696,193.052,50.6,32.9,2,1335,1396,2775,147.9,56,64.4,205751,1428.826389,19.14097222,18.76267748,58.48546315,0.4591,227,1021,1192,335,Q3
5/20/2025,5,196.253,196.408,192.723,193.337,193.59,194.06,192.98,196.408,196.079,0,335.6,-18,2712,2102,4869,368.5,108,32.9,366369,1526.5375,20.1975,13.21302578,83.33785617,0.3626,351,576,1518,2424,Q4
5/20/2025,10,191.041,196.408,190.657,193.337,193.59,195.42,192.49,191.167,190.756,524.1,9.9,65,4937,5112,10106,575.1,293,41.1,776137,1616.952083,20.943125,17.57259607,53.3994088,0.4536,2057,3185,3363,1501,Q3
5/20/2025,15,190.779,196.408,189.974,193.337,193.35,194.06,190.84,190.969,190.681,543.9,70.7,78,6316,8933,15321,643.4,322,28.8,1174955,1631.881944,21.17680556,23.81255828,47.7308051,0.3751,2389,4921,3898,4113,Q2
5/20/2025,20,189.384,196.408,188.238,193.337,191.06,193.76,190.05,189.511,188.924,689.7,68.6,132,14033,6595,20721,817,371,58.7,1603960,1670.791667,21.47979167,25.3623011,37.58873929,0.3505,2969,6742,8436,2574,Q2
5/19/2025,1,193.233,194.066,192.769,193.669,193.61,194.04,193.23,193.323,192.82,74.3,5.1,4,338,494,848,129.7,81,50.3,69906,1456.375,17.51458333,6.538164996,30.60909792,0.4136,207,331,179,131,Q2
5/19/2025,3,194.491,194.595,192.723,193.669,193.61,193.96,193.32,194.595,194.01,0,128.7,-4,1243,1413,2703,187.2,64,58.5,211276,1467.194444,18.71111111,14.43910256,49.46581197,0.441,111,949,1279,364,Q2
5/19/2025,5,195.357,196.408,192.723,193.669,193.61,194.92,192.84,195.358,194.778,105,205.5,11,3336,1413,4796,368.5,208,58,371894,1549.558333,19.90958333,13.01492537,74.32835821,0.3466,919,931,1350,1596,Q3
5/19/2025,10,190.988,196.408,190.281,193.669,193.65,196.09,192.49,191.085,190.919,532.3,63.8,69,4440,5693,10183,612.7,360,16.6,784922,1635.254167,21.12375,16.61987922,44.7037702,0.4061,2240,3393,2072,2478,Q2
5/19/2025,15,191.01,196.408,189.974,193.669,191.07,193.66,190.36,191.063,190.806,534.5,83.2,91,12081,3038,15195,643.4,330,25.7,1179743,1638.531944,21.00902778,23.61672366,42.57071806,0.275,2389,4168,3655,4983,Q2
5/19/2025,20,188.474,196.408,187.452,193.669,191.06,194.06,189.77,188.763,188.282,764.5,83,137,13037,7908,21038,895.6,429,48.1,1634768,1702.883333,21.8146875,23.4903975,30.58284949,0.3765,3118,6358,8627,2953,Q2
5/16/2025,1,193.654,193.792,192.723,193.226,193.44,193.65,193.28,193.696,193.052,9.6,32.9,4,431,477,931,106.9,37,64.4,66494,1385.291667,19.3625,8.709073901,52.94667914,0.3775,269,483,109,70,Q3
5/16/2025,3,196.253,196.408,192.723,193.226,193.65,194.7,193.21,196.408,196.079,0,335.6,-16,1946,1045,3025,368.5,149,32.9,227112,1577.166667,20.97569444,8.208955224,86.35006784,0.321,351,576,1053,1045,Q4
5/16/2025,5,193.74,196.408,192.723,193.226,193.69,195.4,193.22,194.042,193.66,236.6,93.7,24,3930,1183,5149,368.5,218,38.2,395018,1645.908333,21.39375,13.97286296,86.35006784,0.2987,1200,1534,1368,1047,Q4
5/16/2025,10,191.946,196.408,190.281,193.226,191.09,194.28,190.34,192.049,191.868,435.9,158.7,59,8745,1368,10165,612.7,394,18.1,784238,1633.829167,21.09666667,16.59050106,51.93406235,0.2615,2240,2828,1833,3264,Q3
5/16/2025,15,191.167,196.408,189.974,193.226,191.06,193.59,190.36,191.195,190.79,521.3,81.6,92,11764,3399,15250,643.4,323,40.5,1186772,1648.294444,21.07986111,23.70220703,49.45601492,0.2721,2389,3546,3429,5886,Q2
5/16/2025,20,188.507,196.408,187.452,193.226,191.06,194.06,189.39,188.736,188.369,767.2,91.7,147,12189,8862,21144,895.6,467,36.7,1644583,1713.107292,21.93052083,23.60875391,35.52925413,0.3981,3118,5510,8627,3907,Q2
5/15/2025,1,194.491,194.595,193.425,193.66,193.65,193.97,193.55,194.595,194.01,0,58.5,-8,700,202,924,117,42,58.5,74876,1559.916667,19.25625,7.897435897,79.91452991,0.2249,30,161,391,353,Q4
5/15/2025,3,195.357,196.408,193.425,193.66,193.65,195.52,193.51,195.358,194.778,105,135.3,7,2793,202,3017,298.3,201,58,235494,1635.375,20.89027778,10.11397922,92.12202481,0.1897,729,685,762,841,Q4
5/15/2025,5,193.228,196.408,192.339,193.66,193.7,195.68,193.52,193.264,192.819,314.4,48,22,3934,1113,5078,406.9,216,44.5,401872,1674.466667,21.08083333,12.47972475,67.53502089,0.2391,1398,1561,1429,690,Q3
5/15/2025,10,193.179,196.408,190.281,193.66,191.09,194.25,190.46,193.746,193.127,266.2,284.6,48,8983,1368,10403,612.7,379,61.9,807130,1681.520833,21.57541667,16.97894565,44.85066101,0.2365,2240,2374,2451,3338,Q2
5/15/2025,15,190.381,196.408,189.974,193.66,191.06,193.42,190.32,190.499,190.3,590.9,32.6,104,11258,4085,15436,643.4,310,19.9,1204240,1672.555556,21.33583333,23.99129624,42.71059994,0.2786,2389,2753,3335,6959,Q2
5/15/2025,20,188.814,196.408,187.452,193.66,191.06,194.21,188.89,189.085,188.686,732.3,123.4,144,11258,9587,20938,895.6,532,39.9,1646316,1714.9125,21.71489583,23.37874051,30.68334078,0.4166,3118,4579,8627,4632,Q2
5/14/2025,1,196.253,196.408,194.228,194.487,194.61,195.5,194.28,196.408,196.079,0,185.1,-12,868,289,1170,218,122,32.9,85742,1786.291667,24.30833333,5.366972477,88.11926606,0.286,109,296,267,498,Q4
5/14/2025,3,193.74,196.408,193.627,194.487,195.47,195.92,194.57,194.042,193.66,236.6,3.3,28,1226,2042,3294,278.1,135,38.2,253648,1761.444444,22.78333333,11.84466019,69.07587199,0.37,684,1297,998,315,Q3
5/14/2025,5,191.19,196.408,190.99,194.487,195.47,196.41,193.22,191.361,190.99,504.7,0,51,1226,4077,5329,541.8,319,37.1,414781,1728.254167,22.08958333,9.835732743,35.45588778,0.2926,1911,1442,1439,537,Q2
5/14/2025,10,190.507,196.408,190.281,194.487,191.09,193.88,190.32,190.536,190.331,587.2,5,82,9022,1529,10604,612.7,356,20.5,814799,1697.497917,21.98375,17.3070018,31.35302758,0.2289,2240,1483,3236,3645,Q2
5/14/2025,15,189.933,196.408,189.294,194.487,191.06,193.32,190.13,190.112,189.681,629.6,38.7,128,10334,5129,15556,711.4,319,43.1,1211033,1681.990278,21.49722222,21.86674164,27.00309249,0.3172,2650,2363,5230,5313,Q2
5/14/2025,20,187.765,196.408,187.452,194.487,191.06,193.45,188.67,188.374,187.668,803.4,21.6,166,10334,10771,21198,895.6,478,70.6,1666446,1735.88125,21.98177083,23.66904868,21.44930773,0.4416,3030,3743,8627,5816,Q1
5/13/2025,1,195.357,196.376,194.778,196.249,196.17,196.35,195.31,195.358,194.778,101.8,0,23,151,758,923,159.8,104,58,74876,1559.916667,19.10625,5.775969962,7.947434293,0.2527,318,198,201,206,Q1
5/13/2025,3,193.228,196.376,192.339,196.249,195.54,196.37,193.78,193.264,192.819,311.2,48,38,728,2234,2984,403.7,259,44.5,241254,1675.375,20.61319444,7.391627446,3.145900421,0.3108,1061,773,470,680,Q1
5/13/2025,5,191.041,196.376,190.657,196.249,191.12,194.97,190.66,191.167,190.756,520.9,9.9,81,4727,482,5237,571.9,431,41.1,409768,1707.366667,21.68875,9.157195314,2.220667949,0.1976,1605,625,1511,1496,Q1
5/13/2025,10,190.779,196.376,189.974,196.249,191.07,193.21,190.36,190.969,190.681,540.7,70.7,94,8063,2328,10452,640.2,285,28.8,808586,1684.554167,21.66645833,16.32614808,1.983755077,0.2542,1748,1360,3256,4088,Q1
5/13/2025,15,189.384,196.376,188.238,196.249,191.06,193.32,190.05,189.511,188.924,686.5,68.6,148,9164,6595,15852,813.8,327,58.7,1237591,1718.876389,21.90722222,19.47898747,1.560579995,0.3523,1835,3031,8431,2555,Q1
5/13/2025,20,189.316,196.376,187.44,196.249,191.06,193.45,188.78,189.346,189.072,703,163.2,154,9164,12079,21336,893.6,467,27.4,1685079,1755.290625,22.1225,23.87645479,1.421217547,0.3984,1869,3771,8616,7080,Q1
5/12/2025,1,193.74,195.792,193.627,195.363,195.46,195.76,194.72,194.042,193.66,175,3.3,17,311,875,1201,216.5,104,38.2,93030,1938.125,24.93541667,5.547344111,19.81524249,0.28,533,318,86,264,Q1
5/12/2025,3,191.19,195.792,190.99,195.363,192.82,194.09,190.99,191.361,190.99,443.1,0,40,2178,1037,3236,480.2,310,37.1,254163,1765.020833,22.34444444,6.738858809,8.933777593,0.3781,878,478,1403,477,Q1
5/12/2025,5,190.988,195.792,190.281,195.363,191.09,193.23,190.32,191.085,190.919,470.7,63.8,60,4097,1244,5387,551.1,291,16.6,413028,1720.95,22.33791667,9.774995464,7.784431138,0.2769,905,953,1180,2349,Q1
5/12/2025,10,191.01,195.792,189.974,195.363,191.07,192.83,190.36,191.063,190.806,472.9,83.2,82,7285,3038,10399,581.8,247,25.7,807849,1683.01875,21.55875,17.87383981,7.373667927,0.2867,913,1934,2913,4639,Q1
5/12/2025,15,188.474,195.792,187.452,195.363,191.06,193.43,190.05,188.763,188.282,702.9,83,128,8241,7908,16242,834,338,48.1,1262874,1753.991667,22.44972222,19.47482014,5.143884892,0.384,1254,4079,8407,2502,Q1
5/12/2025,20,188.639,195.792,187.44,195.363,191.06,193.45,188.89,189.121,188.615,667.1,117.5,145,8241,13274,21608,835.2,456,50.6,1705640,1776.708333,22.4078125,25.87164751,5.136494253,0.3706,1254,4108,8434,7812,Q1
5/9/2025,1,193.228,193.916,192.339,193.739,192.85,193.24,192.43,193.264,192.819,65.2,48,2,461,385,860,157.7,81,44.5,73348,1528.083333,17.79791667,5.453392517,11.22384274,0.4255,106,177,311,266,Q1
5/9/2025,3,191.041,193.916,190.657,193.739,191.12,192.85,190.76,191.167,190.756,274.9,9.9,45,2603,482,3113,325.9,209,41.1,241862,1679.597222,21.46736111,9.552009819,5.431113839,0.2616,583,934,483,1113,Q1
5/9/2025,5,191.946,193.916,190.281,193.739,191.09,192.36,190.34,192.049,191.868,186.7,158.7,37,3596,1368,5016,363.5,202,18.1,389220,1621.75,20.79958333,13.79917469,4.869325997,0.319,691,921,1585,1819,Q1
5/9/2025,10,191.167,193.916,189.974,193.739,191.06,192.22,190.36,191.195,190.79,272.1,81.6,70,6615,3399,10101,394.2,186,40.5,791754,1649.4875,20.92291667,25.62404871,4.490106545,0.3515,1542,1900,4049,2610,Q1
5/9/2025,15,188.507,193.916,187.452,193.739,191.06,193.35,190.05,188.736,188.369,518,91.7,125,7040,8862,15995,646.4,330,36.7,1249565,1735.506944,22.10944444,24.7447401,2.738242574,0.3862,2755,6999,3448,2806,Q1
5/9/2025,20,188.003,193.916,186.578,193.739,188.84,191.16,187.44,188.084,187.159,583.2,58.1,142,15861,6029,21986,733.8,372,92.5,1729347,1801.403125,22.8015625,29.96184246,2.41210139,0.3702,3168,8066,7961,2791,Q1
5/8/2025,1,191.19,193.497,190.99,193.221,193.19,193.49,191.87,191.361,190.99,213.6,0,25,211,949,1175,250.7,162,37.1,87785,1828.854167,24.3,4.686876745,11.00917431,0.2581,444,229,333,169,Q1
5/8/2025,3,190.988,193.497,190.281,193.221,191.09,191.71,190.47,191.085,190.919,241.2,63.8,45,2036,1244,3326,321.6,124,16.6,246650,1712.847222,22.98541667,10.3420398,8.582089552,0.3759,569,246,1267,1244,Q1
5/8/2025,5,193.179,193.746,190.281,193.221,191.09,192.32,190.76,193.746,193.127,0,284.6,28,3905,1368,5325,346.5,156,61.9,405258,1688.575,22.07,15.36796537,15.15151515,0.2628,814,865,1988,1658,Q1
5/8/2025,10,190.381,193.746,189.974,193.221,191.06,191.78,190.37,190.499,190.3,324.7,32.6,84,6180,4085,10358,377.2,141,19.9,802368,1671.6,21.46333333,27.4602333,13.91834571,0.3859,1318,1433,4750,2876,Q1
5/8/2025,15,188.814,193.746,187.452,193.221,191.06,192.99,189.23,189.085,188.686,466.1,123.4,124,6180,9587,15860,629.4,376,39.9,1244444,1728.394444,21.92625,25.19860184,8.341277407,0.428,2119,7137,3135,3469,Q1
5/8/2025,20,186.755,193.746,186.012,193.221,188.84,191.01,186.53,186.787,186.065,695.9,5.3,152,15001,8136,23233,773.4,448,72.2,1860645,1938.171875,24.103125,30.04008275,6.788207913,0.4274,2805,8131,9018,3279,Q1
5/7/2025,1,191.041,191.657,190.657,191.19,191.12,191.4,190.95,191.167,190.756,49,9.9,18,586,467,1078,100,45,41.1,80729,1681.854167,22.30416667,10.78,46.7,0.4357,157,362,453,106,Q2
5/7/2025,3,191.946,192.049,190.281,191.19,191.09,191.49,190.83,192.049,191.868,0,158.7,10,1572,1358,2981,176.8,66,18.1,228087,1583.9375,20.63333333,16.86085973,48.58597285,0.4314,290,978,1376,337,Q2
5/7/2025,5,190.507,193.746,190.281,191.19,191.09,192.09,190.39,190.536,190.331,321,5,29,3704,1519,5275,346.5,170,20.5,400018,1666.741667,21.87791667,15.22366522,73.76623377,0.3355,792,876,1803,1804,Q3
5/7/2025,10,189.933,193.746,189.294,191.19,191.06,191.74,190.23,190.112,189.681,363.4,38.7,75,5013,5122,10227,445.2,151,43.1,796252,1658.858333,21.20104167,22.97169811,57.41239892,0.4076,899,1651,6350,1354,Q3
5/7/2025,15,187.765,193.746,187.452,191.19,191.06,191.81,188.65,188.374,187.668,537.2,21.6,113,5013,10764,15869,629.4,316,70.6,1251665,1738.423611,21.94583333,25.21290118,40.61010486,0.346,1410,6671,3238,4550,Q2
5/7/2025,20,189.029,193.746,186.012,191.19,188.84,190.82,186.43,189.154,188.39,459.2,237.8,111,13958,10012,24070,773.4,439,76.4,1943660,2024.645833,24.97822917,31.12231704,33.0488751,0.4242,1957,7804,9957,4352,Q2
5/6/2025,1,190.988,191.346,190.281,191.047,191.08,191.22,190.67,191.085,190.919,26.1,63.8,2,234,817,1073,106.5,55,16.6,78136,1627.833333,22.35208333,10.07511737,28.07511737,0.2798,256,416,244,157,Q2
5/6/2025,3,193.179,193.746,190.281,191.047,191.04,192.04,190.47,193.746,193.127,0,284.6,-15,2223,820,3072,346.5,157,61.9,236744,1644.055556,21.24861111,8.865800866,77.89321789,0.3049,370,524,1081,1097,Q4
5/6/2025,5,190.779,193.746,189.974,191.047,191.07,192.13,190.3,190.969,190.681,277.7,70.7,15,3208,1968,5215,377.2,183,28.8,398818,1661.741667,21.64416667,13.82555673,71.55355249,0.389,825,1098,1804,1502,Q3
5/6/2025,10,189.384,193.746,188.238,191.047,190.94,191.8,189.52,189.511,188.924,423.5,68.6,69,5135,5406,10615,550.8,228,58.7,827823,1724.63125,22.01645833,19.27196805,49.00145243,0.4432,1176,3607,4364,1468,Q2
5/6/2025,15,189.316,193.746,187.44,191.047,188.8,191,187.56,189.346,189.072,440,163.2,75,11829,4194,16099,630.6,344,27.4,1275311,1771.265278,22.26708333,25.5296543,42.80050745,0.3438,1425,5578,3682,5414,Q2
5/6/2025,20,186.48,193.746,184.372,191.047,188.84,190.63,185.87,186.577,185.712,716.9,134,93,13413,12505,26023,937.4,476,86.5,2105454,2193.18125,27.01916667,27.76082782,28.79240452,0.4409,2730,8986,11537,2770,Q2
5/5/2025,1,191.946,192.049,190.848,190.99,191.66,191.77,191.23,192.049,191.868,0,102,-10,187,624,830,120.1,54,18.1,69222,1442.125,17.24375,6.910907577,88.17651957,0.3051,82,335,265,148,Q4
5/5/2025,3,190.507,193.746,190.331,190.99,191.66,192.85,190.85,190.536,190.331,321,0,9,2168,934,3124,341.5,200,20.5,241153,1674.673611,21.57777778,9.147877013,80.70278184,0.386,784,846,1153,341,Q4
5/5/2025,5,191.01,193.746,189.974,190.99,191.04,192.19,190.35,191.063,190.806,268.3,83.2,20,3195,1784,5012,377.2,184,25.7,394821,1645.0875,20.77958333,13.2873807,73.06468717,0.371,825,1098,1653,1450,Q3
5/5/2025,10,188.474,193.746,187.452,190.99,190.94,192.25,189.19,188.763,188.282,498.3,83,66,4634,6164,10855,629.4,306,48.1,849846,1770.5125,22.505625,17.24658405,43.78773435,0.4304,1410,4737,2905,1803,Q2
5/5/2025,15,188.639,193.746,187.44,190.99,188.84,190.92,187.56,189.121,188.615,462.5,117.5,83,11507,4627,16221,630.6,336,50.6,1292612,1795.294444,22.43111111,25.72312084,43.7044085,0.3431,1425,4722,4220,5854,Q2
5/5/2025,20,188.173,193.746,184.372,190.99,188.84,190.21,185.87,188.532,188.011,521.4,363.9,67,12358,14402,26867,937.4,434,52.1,2191943,2283.273958,27.89416667,28.66119053,29.40046938,0.3983,2730,7913,13268,2956,Q2
